{
  "apply_lut_4k_ms": 69.89245899603702,
  "colorslice_grade_1080_ms": 50.77820899896324,
  "waveform_monitor_1080_ms": 15.967165993060917,
  "compress_5s_audio_ms": 77.95516599435359
}